Title, Year
"BUtterfield 8", 1960
"Smash-Up, the Story of a Woman", 1947
"The Big Steal", 1949
"Respect the Law", 1941
"An Affair to Remember", 1957
"The Sandpiper", 1965
"Rome Adventure", 1962
"When Ladies Meet", 1941
"Do the Right Thing", 1989
"Mo' Better Blues", 1990
"The Godless Girl", 1929
"Monsieur Hulot's Holiday", 1953
"Trafic", 1971
"A Shot in the Dark", 1941
"Tiger Bay", 1959
"The Wreck of the Mary Deare", 1959
"The Decks Ran Red", 1958
"The Ghost Ship", 1943
"Murder in the Fleet", 1935
"The Case of the Black Parrot", 1941
"Mad Holiday", 1936
"Murder Ahoy", 1964
"Make Way for Tomorrow", 1937
"Man of the West", 1958
"Cries and Whispers", 1972
"Rome, Open City", 1946
"The Seventh Victim", 1943
"MGM Parade Show #27", 1955
"6 Day Bike Rider", 1934
"The Big Store", 1941
"The Seventh Cross", 1944
"The Boy with Green Hair", 1948
"Tea and Sympathy", 1956
"Saturday Night and Sunday Morning", 1960
"Room for One More", 1952
"A Little Romance", 1979
"Some Like It Hot", 1959
"Sweet Smell of Success", 1957
"The Defiant Ones", 1958
"The Vikings", 1958
"The Great Race", 1965
"Bed of Roses", 1933
"Bachelor Bait", 1934
"The Meanest Gal in Town", 1934
"Sing and Like It", 1934
"Hooray for Love", 1935
"Lightning Strikes Twice", 1935
"Annie Oakley", 1935
"Kelly the Second", 1936
"Cain and Mabel", 1936
"Mr. Deeds Goes to Town", 1936
"The Pride of the Yankees", 1943
"The Adventures of Marco Polo", 1938
"Sergeant York", 1941
"The Fountainhead", 1949
"Gary Cooper: American Life, American Legend", 1991
"The Hunchback of Notre Dame", 1939
"The Secret Garden", 1949
"Home from the Hill", 1960
"The Scarlet Coat", 1955
"Merry Andrew", 1958
"Forbidden Planet", 1956
"Cinema Paradiso", 1988
"Ennio", 2021
"The Good, the Bad and the Ugly", 1968
"A Fistful of Dollars", 1964
"Yolanda and the Thief", 1945
"The Pirate", 1948
"Kismet", 1955
"Brigadoon", 1954
"Father of the Bride", 1950
"The Reluctant Debutante", 1958
"Bells Are Ringing", 1960
"A Face in the Crowd", 1957
"Elmer Gantry", 1960
"Catch Me If You Can", 2002
"When in Rome", 1952
"Blonde Crazy", 1931
"The Green-Eyed Blonde", 1957
"Bad Luck Blackie", 1949
"A Night at the Movies", 1937
"Basque Sports", 1957
"The Avenging Rider", 1943
"The Steaming Cauldron", 1938
"Doing Impossikible Stunts", 1940
"Bulldog Drummond's Bride", 1939
"Going to Blazes!", 1948
"Easy to Love", 1953
"Union Pacific", 1939
"The Long, Long Trailer", 1954
"Born Yesterday", 1950
"Carnival of Souls", 1962
"Rosemary's Baby", 1968
"The Undercover Man", 1949
"The Song Remains the Same", 1976
"Monterey Pop", 1969
"And God Created Woman", 1956
"Nadja in Paris", 1964
"Made in Paris", 1966
"The Undercover Man", 1949
"The Philadelphia Story", 1940
"Going My Way", 1944
"Murder She Said", 1961
"A Summer Place", 1959
"Apollo 13", 1995
"For All Mankind", 1989
"Girl Shy", 1924
"Playtime", 1967
"Paris Interlude", 1934
"The Constant Nymph", 1943
"Devotion", 1946
"Ivanhoe", 1952
"The Male Animal", 1942
"Until They Sail", 1957
"Hard to Get", 1938
"Suspicion", 1941
"The Two Mrs. Carrolls", 1947
"The Woman in White", 1948
"Escape Me Never", 1947
"Hotel Berlin", 1945
"The Great Jewel Robber", 1950
"Andy Hardy Meets Debutante", 1940
"Meet Me in St. Louis", 1944
"Summer Stock", 1950
"Easter Parade", 1948
"The Clock", 1945
"The Harvey Girls", 1946
"A Star Is Born", 1954
"Piccadilly", 1929
"The Private Life of Henry VIII", 1933
"Gaslight", 1940
"Good Time Girl", 1948
"The Life and Death of Colonel Blimp", 1943
"Trader Horn", 1931
"Rhino!", 1964
"Hitting a New High", 1937
"Africa Screams", 1949
"Tarzan and His Mate", 1934
"Mogambo", 1953
"Out of Africa", 1985
"For Whom the Bell Tolls", 1943
"Morocco", 1930
"Desire", 1936
"A Farewell to Arms", 1932
"Love in the Afternoon", 1957
"The Narrow Margin", 1952
"Terror on a Train", 1953
"Split Second", 1953
"Suddenly", 1954
"The Petrified Forest", 1936
"The Stranger", 1946
"Cause for Alarm!", 1951
"High Tide", 1947
"D.O.A.", 1950
"The Mission", 1986
"The Great Silence", 1968
"La Cage Aux Folles", 1979
"The Battle of Algiers", 1966
"Ennio", 2021
"A Day in the Country", 1946
"The Passionate Plumber", 1932
"Monsieur Hulot's Holiday", 1953
"Movie Crazy", 1932
"Modern Times", 1936
"The Music Box", 1932
"Sons of the Desert", 1933
"Mr. Blandings Builds His Dream House", 1948
"The Long, Long Trailer", 1954
"Paper Moon", 1973
"The Flim-Flam Man", 1967
"The Music Man", 1962
"Skin Game", 1971
"Il bidone", 1955
"Blues in the Night", 1941
"The Calico Dragon", 1935
"Six Hits and a Miss", 1945
"Black Cats and Broomsticks", 1955
"Red River Robin Hood", 1943
"Red Man's Courage", 1938
"Wimmin Hadn't Oughta Drive", 1940
"The Kennel Murder Case", 1933
"The Forest Commandos", 1945
"Where the Boys Are", 1960
"The Loneliness of the Long Distance Runner", 1962
"The Hitch-Hiker", 1953
"It's a Mad, Mad, Mad, Mad World", 1963
"Imitation of Life", 1959
"The Learning Tree", 1969
"Crack-Up", 1946
"Man in the Wilderness", 1971
"The Deadly Trackers", 1973
"The Entertainer", 1960
"Our Vines Have Tender Grapes", 1945
"Crack-Up", 1946
"Midnight", 1939
"Judge Hardy and Son", 1939
"The Courtship of Eddie's Father", 1963
"East of Eden", 1955
"Father of the Bride", 1950
"Life with Father", 1947
"The Kid", 1921
"The Circus", 1928
"Chains", 1949
"Tormento", 1950
"Honeymoon", 1947
"Niagara Falls", 1941
"Viva Las Vegas", 1964
"Having Wonderful Time", 1938
"Two Weeks with Love", 1950
"Summer of '42", 1971
"In the Good Old Summertime", 1949
"June Bride", 1948
"Summer Stock", 1950
"The Last Wave", 1977
"The Four Musketeers", 1974
"Joy in the Morning", 1965
"Twilight of Honor", 1963
"Petulia", 1968
"Deadline at Dawn", 1946
"Top Secret Affair", 1957
"I Thank a Fool", 1962
"The Lusty Men", 1952
"I'll Cry Tomorrow", 1955
"The Snows of Kilimanjaro", 1952
"Smash-Up, the Story of a Woman", 1947
"I Know Where I'm Going", 1945
"Naked", 1993
"Women in Love", 1969
"The Trap", 1966
"So Long at the Fair", 1950
"A Bucket of Blood", 1959
"Sex Kittens Go to College", 1960
"Go, Johnny, Go!", 1959
"The Young Stranger", 1957
"Them!", 1954
"The Hypnotic Eye", 1960
"Spider Baby", 1964
"The Green Slime", 1969
"Godzilla vs. Hedorah", 1971
"High Noon", 1952
"The Hanging Tree", 1959
"Friendly Persuasion", 1956
"Task Force", 1949
"Dallas", 1950
"Springfield Rifle", 1952
"Bright Leaf", 1950
"Sparkle", 1976
"Say Amen, Somebody - The Good News Musical", 1982
"How They Got Over", 2018
"Soul Power", 2008
"Round Midnight", 1986
"Before Midnight", 1986
"The Wiz", 1978
"Krush Groove", 1985
"Super Fly", 1972
"Shaft", 1971
"Black Eye", 1974
"Don't Bet on Blondes", 1935
"Dodge City", 1939
"Cry Wolf", 1947
"Santa Fe Trail", 1940
"Adventures of Don Juan", 1948
"The Private Lives of Elizabeth and Essex", 1939
"The Master of Ballantrae", 1953
"The Adventures of Robin Hood", 1938
"The Sting", 1973
"How to Steal a Million", 1966
"The Thomas Crown Affair", 1968
"Nine Queens", 2000
"F for Fake", 1973
"The Red House", 1947
"Wild Honey", 1942
"Opening Day", 1938
"Canadian Lancers", 1956
"Come on Danger", 1942
"Wheels of Disaster", 1938
"Puttin on the Act", 1933
"The Dragon Murder Case", 1934
"Okay for Sound", 1946
"The Stork Club", 1945
"The Bridge on the River Kwai", 1957
"Screaming Eagles", 1956
"Point Blank", 1967
"Scarecrow", 1973
"Dog Day Afternoon", 1975
"Pale Flower", 1964
"Hang 'Em High", 1968
"The Hanging Tree", 1959
"Seven Brides for Seven Brothers", 1954
"Seven Sweethearts", 1942
"Holland in Tulip Time", 1934
"Pale Flower", 1964
"Design for Living", 1933
"The Young Philadelphians", 1959
"Marriage on the Rocks", 1965
"The Lady from Shanghai", 1948
"Coal Miner's Daughter", 1980
"Missing", 1982
"Man with a Movie Camera", 1929
"Pickpocket", 1959
"Crime and Punishment, USA", 1959
"MGM Parade Show #27", 1955
"Rancho Notorious", 1952
"The Strange Love of Martha Ivers", 1946
"Going Wild", 1931
"Faithless", 1932
"The Matrimonial Bed", 1930
"Merrily We Live", 1938
"Camille", 1937
"The Keyhole", 1933
"Christopher Strong", 1933
"Call Her Savage", 1932
"The Gay Divorcee", 1934
"Midnight", 1939
"Professional Sweetheart", 1933
"The Broadway Melody", 1929
"Our Betters", 1933
"Ex-Lady", 1933
"The Girl from Missouri", 1934
"Employees' Entrance", 1933
"One Way Passage", 1932
"The Kennel Murder Case", 1933
"Fog Over Frisco", 1934
"Alibi Ike", 1935
"The Affairs of Dobie Gillis", 1953
"Journey Into Fear", 1942
"Armored Car Robbery", 1950
"Detour", 1945
"The Age of Innocence", 1993
"The House of Mirth", 2000
"The Magnificent Ambersons", 1942
"The Valley of Decision", 1945
"Life with Father", 1947
"The Green Helmet", 1961
"The Crowd Roars", 1932
"Burn 'Em Up O'Connor", 1939
"Speed", 1936
"Viva Las Vegas", 1964
"The Racing Scene", 1969
"Grand Prix", 1966
Eva Marie Saint: Live from the TCM Classic Film Festival
"Bluebeard's Eighth Wife", 1938
"Ball of Fire", 1942
"Meet John Doe", 1941
"Saratoga Trunk", 1945
"Today We Live", 1933
"The Wreck of the Mary Deare", 1959
"It's a Big Country: An American Anthology", 1952
"One Foot in Heaven", 1941
"Two Girls and a Sailor", 1944
"Three Daring Daughters", 1948
"The Four Feathers", 1939
"The Five Man Army", 1970
"Dead Ringer", 1964
"The Black Room", 1935
"Sisters", 1972
"A Stolen Life", 1946
"Dead Men Walk", 1943
"Nichols and May: Take Two", 1996
"Other Men's Women", 1931
"God's Gift to Women", 1931
"Loose Ankles", 1930
"What Price Hollywood?", 1932
"Beauty for Sale", 1933
"Blonde Crazy", 1931
"Lilly Turner", 1933
"The Rich Are Always with Us", 1932
"Rain", 1932
"Jewel Robbery", 1932
"The Lady Eve", 1941
"The Producers", 1967
"I Love You Again", 1940
"Mr. Lucky", 1943
"Nobody Lives Forever", 1946
"Black Orpheus", 1959
"Bear Raid Warden", 1944
"The Grand Dame", 1931
"Captain Kidd's Treasure", 1938
"Dude Cowboy", 1941
"Fatal Treasure", 1938
"Popeye Meets William Tell", 1940
"The Casino Murder Case", 1935
"Paree, Paree", 1934
"The Ritz", 1976
"The Killers", 1946
"Home from the Hill", 1960
"Field of Dreams", 1989
"Double Indemnity", 1944
"Chinatown", 1974
"Sorry, Wrong Number", 1948
"June Bride", 1948
"The Bride Came C.O.D.", 1941
"Reefer Madness", 1936
"Mad Youth", 1939
"Plan 9 from Outer Space", 1959
"Sorry, Wrong Number", 1948
"The Shop Around the Corner", 1940
"Now, Voyager", 1942
"On the Waterfront", 1954
"The Night of the Iguana", 1964
"Green Fire", 1955
"King Solomon's Mines", 1950
"Berlin: Symphony of a Great City", 1927
"À propos de Nice", 1930
"The Coward", 1965
"Charulata", 1965
"Tea and Sympathy", 1956
"The Fox", 1967
"Cabaret", 1972
"Strangers on a Train", 1951
"Some Like It Hot", 1959
"Red River", 1948
"The Queen", 1968
"Milk", 2008
"Go Fish", 1994
"Without You I'm Nothing", 1990
"Paris Is Burning", 1990
"Fox and His Friends", 1975
"MGM Parade Show #27", 1955
